<?xml version="1.0" encoding="UTF-8"?>
<!DOCTYPE mapper PUBLIC "-//mybatis.org//DTD Mapper 3.0//EN" "http://mybatis.org/dtd/mybatis-3-mapper.dtd">
<mapper namespace="com.te.dao.MenuDao">

    <select id="getChild" resultType="com.te.model.Menu">
  		select
  		id, parentId, name, icon, url, userType
  		from menu
  		where status = 1
  		<if test="parentId!=null">
            and parentId = #{parentId}
        </if>
        <if test="userType!=null">
            and userType = #{userType}
        </if>
        <!-- <if test="menuId!=null">
            and menuId = #{menuId}
        </if> -->
    </select>

</mapper>